1,Nº 01,PLOMO,Nº 01,VIDA DE LOS SANTOS DE BUTLER II ABRIL - MAYO - JUNIO,ALBAN BUTLER,3241,IMPRESO EN MEXICO,701,BUENO
2,Nº 01,PLOMO,Nº 01,VIDA DE LOS SANTOS DE BUTLER III JULIO - AGOSTO - SETIEMBRE,ALBAN BUTLER,3242,IMPRESO EN MEXICO,738,BUENO
3,Nº 01,PLOMO,Nº 01,LA BIBLIA ,SOCIEDADES BIBLICAS UNIDAS,1171,IMPRESA EN LOS TALLERE DE IBERIA S.A.,1157,BUENO
4,Nº 01,PLOMO,Nº 01,LA BIBLIA ,SOCIEDADES BIBLICAS UNIDAS,1172,IMPRESA EN LOS TALLERE DE IBERIA S.A.,1157,BUENO
5,Nº 01,PLOMO,Nº 01,LA BIBLIA ,SOCIEDADES BIBLICAS UNIDAS,1173,IMPRESA EN LOS TALLERE DE IBERIA S.A.,1157,BUENO
6,Nº 01,PLOMO,Nº 01,VIDA DE JESUS ,ELENA G. DE WHITE,NO,CASA EDITORA SUDAMERICANA BUENOS AIRES,251,BUENO
7,Nº 01,PLOMO,Nº 01,VIDA DE JESUS ,ELENA G. DE WHITE,1087,ASOCIACIÓN CASA EDITORA SUDAMERICANA,251,
8,Nº 01,PLOMO,Nº 01,NUEVO TESTAMENTO SALMOS,LOS GEDEONES INTERNACIONALES,4999,SOCIEDADES BIBLICAS EN AMERICA LATINA,278,BUENO
9,Nº 01,PLOMO,Nº 01,NUEVO TESTAMENTO SALMOS,LOS GEDEONES INTERNACIONALES,5000,SOCIEDADES BIBLICAS EN AMERICA LATINA,278,BUENO
10,Nº 01,PLOMO,Nº 01,NUEVO TESTAMENTO SALMOS,LOS GEDEONES INTERNACIONALES,5001,SOCIEDADES BIBLICAS EN AMERICA LATINA,278,BUENO
11,Nº 01,PLOMO,Nº 01,NUEVO TESTAMENTO SALMOS,LOS GEDEONES INTERNACIONALES,7714,SOCIEDADES BIBLICAS EN AMERICA LATINA,278,BUENO
12,Nº 01,PLOMO,Nº 01,NUEVO TESTAMENTO ESPAÑOL E INGLES,LOS GEDEONES INTERNACIONALES,6817,SOCIEDADES BIBLICAS EN AMERICA LATINA,468,BUENO
13,Nº 01,PLOMO,Nº 01,NUEVO TESTAMENTO ESPAÑOL E INGLES,LOS GEDEONES INTERNACIONALES,NO,SOCIEDADES BIBLICAS EN AMERICA LATINA,468,BUENO
14,Nº 01,PLOMO,Nº 01,CRISTO NO PUDO SER TENTADO,W.W. BEST,NO,COPYRIGHT ©,149,BUENO
15,Nº 01,PLOMO,Nº 01,EL NUEVO TESTAMENTO (DIOS LLEGA AL HOMBRE),© VERSIÓN POPULAR,2175,SOCIEDADES BIBLICAS UNIDAS,439,BUENO
16,Nº 01,PLOMO,Nº 01,EL NUEVO TESTAMENTO (DIOS LLEGA AL HOMBRE),© VERSIÓN POPULAR,3228,SOCIEDADES BIBLICAS UNIDAS,581,BUENO
17,Nº 01,PLOMO,Nº 01,EL NUEVO TESTAMENTO (DIOS LLEGA AL HOMBRE),© VERSIÓN POPULAR,3757,SOCIEDADES BIBLICAS UNIDAS,439,BUENO
18,Nº 01,PLOMO,Nº 01,EL NUEVO TESTAMENTO (DIOS LLEGA AL HOMBRE),© VERSIÓN POPULAR,3756,SOCIEDADES BIBLICAS UNIDAS,439,BUENO
19,Nº 01,PLOMO,Nº 01,EL NUEVO TESTAMENTO (DIOS LLEGA AL HOMBRE),© VERSIÓN POPULAR,3609,SOCIEDADES BIBLICAS UNIDAS,439,BUENO
20,Nº 01,PLOMO,Nº 01,EL NUEVO TESTAMENTO (DIOS LLEGA AL HOMBRE),© VERSIÓN POPULAR,4339,SOCIEDADES BIBLICAS UNIDAS,439,BUENO
21,Nº 01,PLOMO,Nº 01,NUEVO TESTAMENTO (LA PALABRA DE DIOS),MONS. HUGO GARAYCOA HAWKINS (VICARIO GENERAL),3303,EDITORIAL BRUÑO,590,BUENO
22,Nº 01,PLOMO,Nº 01,NUEVO TESTAMENTO (LA PALABRA DE DIOS),MONS. HUGO GARAYCOA HAWKINS (VICARIO GENERAL),3306,EDITORIAL BRUÑO,590,BUENO
23,Nº 01,PLOMO,Nº 01,NUEVO TESTAMENTO (LA PALABRA DE DIOS),MONS. HUGO GARAYCOA HAWKINS (VICARIO GENERAL),3307,EDITORIAL BRUÑO,590,BUENO
24,Nº 01,PLOMO,Nº 01,NUEVO TESTAMENTO (LA PALABRA DE DIOS),MONS. HUGO GARAYCOA HAWKINS (VICARIO GENERAL),3305,EDITORIAL BRUÑO,590,BUENO
25,Nº 01,PLOMO,Nº 01,NUEVO TESTAMENTO (LA PALABRA DE DIOS),MONS. HUGO GARAYCOA HAWKINS (VICARIO GENERAL),3304,EDITORIAL BRUÑO,590,BUENO
26,Nº 01,PLOMO,Nº 01,NUEVO TESTAMENTO (LA PALABRA DE DIOS),MONS. HUGO GARAYCOA HAWKINS (VICARIO GENERAL),3302,EDITORIAL BRUÑO,590,BUENO
27,Nº 01,PLOMO,Nº 01,CATECISMO Nº 3,EQUIPO CATEQUETICO,4201,EDITORIAL BRUÑO,94,BUENO
28,Nº 01,PLOMO,Nº 01,HISTORIA DE LA IGLESIA,LUIS M. DE CADIZ,1416,EDITOR ATLANTIDA,373,BUENO
29,Nº 01,PLOMO,Nº 01,HISTORIA DE LA IGLESIA,LUIS M. DE CADIZ,1416,EDITOR ATLANTIDA,373,BUENO
30,Nº 01,PLOMO,Nº 01,CATECISMO DE LA INFANCIA ,CH. ABATE MALINJOUD,2131,EDITOR EUGENIO SUBIRANA,332,BUENO
31,Nº 01,PLOMO,Nº 01,EL ORIGEN DE LA VIDA,A.I. OPARIN,NO,EDICIONES POPULARES LOS ANDES,154,BUENO
32,Nº 01,PLOMO,Nº 01,NUEVO TESTAMENTO DE LA SAGRADA BIBLIA,P. JOSÉ TREPAT TREPAT O.F.M,1258,RAMÓN SOPENA S.A.,524,BUENO
33,Nº 01,PLOMO,Nº 01,JESUCRISTO EL ESPOSO DIVINO 3 ,NIHIL OBSTAT,4939,EDITORIAL IBERICA,432,BUENO
34,Nº 01,PLOMO,Nº 01,ANHELOS DE TU ESCENCIA,MARCELA IPARRAGUIRRE,5217,OFFSET PEREZ (CHEPEN),42,BUENO
35,Nº 01,PLOMO,Nº 01,CATECISMO DE LA DOCTRINA CRISTIANA,MONSEÑOR ENRIQUE PELACH - ANTONIO KIILMER,2700,EDITORIAL ANDINA S.A.,287,BUENO
36,Nº 01,PLOMO,Nº 01,ESCOLAR CATECISMO DE LA IGLESIA CATÓLICA,R.P.DR. JOSÉ ANTONIO BOHUYTÓN SOLANO,1970,EDITORIAL GRAFICART SRL,192,BUENO
37,Nº 01,PLOMO,Nº 01,PARA VIVIR EL JUBILEO,"TOMAS BURNS, PILAR COEL, PABLO RICHARD",0711 - F,ESPINAL E.I.R.L.,55,BUENO
38,Nº 01,PLOMO,Nº 01,LA HORA SANTA Y LAS SIETE PALABRAS,KARL RAHNER,6345 - F,TALLER SAN PABLO,31,BUENO
39,Nº 01,PLOMO,Nº 01,MISA PARTICIPADA,CONSTANCIO B. DE HEREDIA FELIX OZ. DE URTARAN,NO,EDITORIAL ESET SEMINARIO DIOCESANO,83,BUENO
40,Nº 01,PLOMO,Nº 01,LOS MANDAMIENTOS,ANTONIO ROYO MARIN O.P.,6192,GRAFICAS GUARDA S.A.,61,BUENO
41,Nº 01,PLOMO,Nº 01,JUAN PABLO II CARTA DEL SANTO PADRE,NO,0456 -,EDITORIAL SALESIANA,24,BUENO
42,Nº 01,PLOMO,Nº 01,NUEVO TESTAMNTO,DR. EVARISTO MARTIN NIETO,3213,NO TIENE,625,BUENO
43,Nº 01,PLOMO,Nº 01,EL VERBO DIVINO CONVERTIDO EN SER HUMANO 2,NO TIENE ,NO,NO  ,352,BUENO
44,Nº 01,PLOMO,Nº 01,MISAL DOMINICAL 12 : EDICION,P. PABLO VÁSQUEZ GIFRE S.J.,NO,IMPRENTA IBERIA S.A.,126,
45,Nº 01,PLOMO,Nº 01,MISAL DOMINICAL DOMINGOS Y FIESTAS,EDELVIVES,3207,LUIS VIVE S.A.,624,
46,Nº 01,PLOMO,Nº 01,"JESÚS, MAESTRO DE APÓSTOLES",DR. VICENTE ENRIQUE TARANCÓN OBISPO DE SOLSONA,201,EDITORIAL VILAMALA,516,
47,Nº 01,PLOMO,Nº 01,LA SIMBOLOGÍA ,OLIVIER BEIGBEDER,2806,"EDICIONES OIKOS - TAU, S.A.",126,
48,Nº 01,PLOMO,Nº 01,LA BIBLIA LATINOAMERICANA,PADRE BERNARDO HURAULT,NO,ARTES GRÁFICAS CARASA,478,
49,Nº 01,PLOMO,Nº 01,LA IGLESIA CATÓLICA INMENSO MILAGRO,EDUARDO OSPINA S.J.,4017,EDITORIAL BEDOUT ,269,
50,Nº 01,PLOMO,Nº 01,EL LAICO EN LA IGLESIA ,P. GLORIEUX ,4005,ESTELA S.A.,216,
51,Nº 01,PLOMO,Nº 01,¿Qué ES LA IGLESIA?,JOSÉ A. DE LABURU S.J,4010,MOSCA HERMANOS S.C.,138,
52,Nº 01,PLOMO,Nº 01,MEDITACIÓN DE LOS EVANGELIOS,J.B. BOSSUET,5003,EDITORIAL IBERIA,344,
53,Nº 01,PLOMO,Nº 01,JESÚS DE NAZARET,CÉSAR BLONDET S. ,6162,SALESIANA,107,
54,Nº 01,PLOMO,Nº 01,DIOS LLEGA AL HOMBRE,"SOCIEDADES BIBLICAS PERUANA, S.A.",2174,IMPRESO EN LOS TALLERES DE IBERIA S.A.,439,
55,Nº 01,PLOMO,Nº 01,NO HAY AMOR MAS GRANDE,POCHUNGA PUDAITE,4068,EDITORIAL MUNDO HISPANO,274,
56,Nº 01,PLOMO,Nº 01,SAGRADA BIBLIA,ILMO. SR.D. FELIX TORRES AMAT.,NO ,"EDITORIAL, APOSTOLADO DE LA PRENSA S.A.",1515,
57,Nº 01,PLOMO,Nº 01,NACAR - COLUNGA - SAGRADA BIBLIA,ELOINO NÁCAR FUSTER ALBERTO VOLUNGA. O.P.,1175,EDITORIAL: CATÓLICA S.A.,1523,
58,Nº 01,PLOMO,Nº 01,CULTO,F.S.C. ,1415,EDITORIAL: BRUÑO,501,
59,Nº 01,PLOMO,Nº 01,CATECISMO MENOR,ARQUIDIÓCESIS DE TRUJILLO,6193,EDITORIAL: GRAFICART,220,
60,Nº 01,PLOMO,Nº 01,CATECISMO MENOR,ARQUIDIÓCESIS DE TRUJILLO,6194,EDITORIAL: GRAFICART,220,
61,Nº 01,PLOMO,Nº 01,CATECISMO MENOR,ARQUIDIÓCESIS DE TRUJILLO,6195,EDITORIAL: GRAFICART,220,
62,Nº 01,PLOMO,Nº 01,UN AMOR QUE NUNCA MUERE,CONGREGACIÓN SALESSIANA EN EL PERÚ ,NO,EDITORIAL: SALESIANA,80,
63,Nº 01,PLOMO,Nº 01,LA BIBLIA LATINOAMÉRICANA,SAN PABLO (PROTASIO GÓMEZ),NO,EDITORAL: VERBO DIVINO,465,
64,Nº 01,PLOMO,Nº 01,EL EVANGELIO SEGUROS SAN MARCOS,REINA - VALERA,8111,SOCIEDAD BIBLICA DE MEXICO A.C.,62,
65,Nº 01,PLOMO,Nº 01,LLAMADO AL REINO ,JEAN SHELDON LEO R. JAN DOLSON,NO,EDITORIAL - IMPRENTA UNIÓN,98,
66,Nº 01,PLOMO,Nº 01,EL PROCESO DE JESÚS ,ALEJANDRO CRUZADO BALCAZAR,4505,EDITORIAL: LIBERTAD E.I.R.L.,256,
67,Nº 01,PLOMO,Nº 01,EL MINISTERIO DE LA IGLESIA ,,NO,EDITORIAL UNIVERSO S.A,128,
68,Nº 01,PLOMO,Nº 01,JESÚS NUESTRO SALVADOR ,,5084,EDITORIAL: LATINA S.R. LTDA,93,
69,Nº 01,PLOMO,Nº 01,EL SANTO EVANGELIO ,JOSÉ GIRABAL,5321,EDITORIAL: MONAR,122,
70,Nº 01,PLOMO,Nº 02,DESARROLLO HUMANO  Y LIBERTADES,PATRICIA RUIZ - BRAVO / PELI PATRÓN / PABLO QUINTANILLA,8710,FONDO EDITORIAL: PONTIFICA UNIVERSIDAD CATÓLICA ,292,
71,Nº 01,PLOMO,Nº 02,DICCIONARIO ENCICLOPÉDICO DE CIENCIA POLÍTICA Y RELACIONES INTERNACIONALES,ARMANDO CALMET LUNA,8708,EDITORIAL: UNIVERSITARÍA ,663,
72,Nº 01,PLOMO,Nº 02,GASTRONOMÍA E IDENTIDAD NACIONAL,ORLANDO VELÁSQUEZ BENITES,8779,EDITORIAL: UNIVERSIDAD NACIONAL DE TRUJILLO,252,
73,Nº 01,PLOMO,Nº 02,MATEMÁTICAS FINANCIERAS ,GUILLERMO L.DUMRANF,8745,EDITORIAL: ALFAOMEGA S.A. ,329,
74,Nº 01,PLOMO,Nº 02,INTRODUCCIÓN A LA ECONOMÍA ,ANA GRONE,8753,EDITORIAL: PEARSON,548,
75,Nº 01,PLOMO,Nº 02,ESTADÍSTICAS-¡¡APRUEBE SU EXAMEN CON SCHAUN!!,"MURRAY R. SPIEGEL, LARRY J. SLEPHENS",8773,EDITORIAL: ME GRAW HILL,577,
76,Nº 01,PLOMO,Nº 02,DICCIONARIO DE GASTRONOMÍA PERUANA TRADICIONAL,SERGIO ZAPATA A.CHA,8770,IMPRENTA GRÁFICA BIBLOS ,779,
77,Nº 01,PLOMO,Nº 02,PRODUCCIÓN DE LECHE EN ZONAS TEMPLADAS Y TROPICALES,MIGUEL MELLADO BOSQUE,8761,EDITORIAL: TRILLAS ,350,
78,Nº 01,PLOMO,Nº 02,MANUAL BÁSICO PARA ELABORAR PRODUCTOS LÁCTEOS,"ABRAHAM VILLEGAS DE GANTE, ARMANDO SANTOS MORENO",8760,EDITORIAL: TRILLAS S.A. DE C.V.,182,
79,Nº 01,PLOMO,Nº 02,USTED: CÓDIGO DE UN BUEN NEGOCIO ,FRIDA HOLLER ,8762,GRUPO EDITORIAL: MESA REDONDA,203,
80,Nº 01,PLOMO,Nº 02,INGENIERÍA AMBIENTAL,JAMES R. MIHELCIC - JULIE BETH ZIMMERMAN,8746,ALFAOMEGA GRUPO EDITOR S.A. DE C.V.,696,
81,Nº 01,PLOMO,Nº 02,MACROECONOMÍA - VERSIÓN PARA LATINOAMÉRICANA,"MICHAEL PARKIN, EDUARDO LORÍA",8741,EDITORIAL IMPRESORA APOLO S.A. DE C.V,404,
82,Nº 01,PLOMO,Nº 02,MACROECONOMÍA - VERSIÓN PARA LATINOAMÉRICANA,"MICHAEL PARKIN, EDUARDO LORÍA",8742,EDITORIAL IMPRESORA APOLO S.A. DE C.V,486,
83,Nº 01,PLOMO,Nº 02,DICCIONARIO DE FILOSOFÍA TOMO I (A-D),J. FERRATER MORA,8725,"EDITORIAL: ARIEL,S.A. BARCELONA",957,
84,Nº 01,PLOMO,Nº 02,DICCIONARIO DE FILOSOFÍA TOMO II (E-J),J. FERRATER MORA,8726,"EDITORIAL: ARIEL,S.A. BARCELONA",1986,
85,Nº 01,PLOMO,Nº 02,DICCIONARIO DE FILOSOFÍA TOMO III (K-P),J. FERRATER MORA,8727,"EDITORIAL: ARIEL,S.A. BARCELONA",2967,
86,Nº 01,PLOMO,Nº 02,DICCIONARIO DE FILOSOFÍA TOMO IV (Q-R),J. FERRATER MORA,8728,"EDITORIAL: ARIEL,S.A. BARCELONA",3830,
87,Nº 01,PLOMO,Nº 02,HISTORIAS A LA LUZ DEL CANDIL ,"SANIEL E. LOZANO ALVARADO, BETY SÁNCHEZ LAYZA",8718,"EDITORIAL, IMPRENTA Y PUBLICIDAD: GRAFICART",264,
88,Nº 01,PLOMO,Nº 02,HISTORIA DE UN FAROL,SANIEL E. LOZANO ALVARADO,8717,PRODUCCIÓN GRAFICA Y PUBLICIDAD. GRAFICART,98,
89,Nº 01,PLOMO,Nº 02,NUEVO CALENDARIO CÍVICO ESCOLAR GENERAL,"LIC. JOSÉ ANTONIO ALMEYDA TARAZONA, PROF: ORLANDO M. ALMEYDA SÁENZ",8711,EDITORIAL M.V. FÉNIX E.I.R.L.,390,
90,Nº 01,PLOMO,Nº 02,PARA CONOCER LA CONSTITUCIÓN DE 1993 ,MARCIAL RUBIO CORREA,8712,FONDO EDITORIAL: PONTIFICA UNIVERSIDAD CATÓLICA DEL PERÚ ,325,
91,Nº 01,PLOMO,Nº 02,LITERATURA REGIONAL DE LA LIBERTAD,SANIEL E. LOZANO ALVARADO,8720,FONDO EDITORIAL: DE LA UNIVERSIDAD PRIVADA ANTENOR ORREGO,283,
92,Nº 01,PLOMO,Nº 02,LOS SENDEROS DEL LENGUAJE ,SANIEL E. LOZANO ALVARADO,8719,EDITORIAL PRODUCCIÓN GRAFIA Y PUBLICIDAD: GRAFICART,401,
93,Nº 01,PLOMO,Nº 02,PAISAJES CULTURALES EN EL VALLE DEL JEQUETEPEQUE LOS YACIMIENTOS ARQUEOLÓGICOS,"TOM D. DILLEHAY ALAN L. KOLATA, EDWARD SWENSON",8714,EDITORIAL: HORIZONTE,329,
94,Nº 01,PLOMO,Nº 02,NUEVA GRAMÁTICA DE LA LENGUA ESPAÑOLA (MORFOLOGÍA SINTAXIS) VOLUMEN I,REAL ACADEMIA ESPÀÑOLA,8722,EDITORAL: PLANETA PERÚ S.A.,212,
95,Nº 01,PLOMO,Nº 02,MITOGRAFÍA Y DISEÑO MOCHE,"ENRIQUE VERGARA MONTERO, MANUEL SÁNCHEZ VERA",2716,IMPRESIÓN ATLANTIDA,189,
96,Nº 01,PLOMO,Nº 02,DICCIONARIO DE CIENCIAS SOCIALES (A-F),ROGELIO MORENO RODRÍGUEZ ,8723,GRAFICA: LAF S.R.L.,705,
97,Nº 01,PLOMO,Nº 02,DICCIONARIO DE CIENCIAS SOCIALES (G-Z),ROGELIO MORENO RODRÍGUEZ ,8724,GRAFICA: LAF S.R.L.,703,
98,Nº 01,PLOMO,Nº 02,SEXO EN LAS NOCHES,ENRIQUE VERGARA MONTERO  ,8715,IMPRESO EN PERÚ ,78,
99,Nº 01,PLOMO,Nº 02,GESTIÓN DEL TALENTO HUMANO EN LA EMPRESA,MARIO IBAÑEZ MACHICAO,8700,EDITORIAL: SAN MARCOS ,319,
100,Nº 01,PLOMO,Nº 02,RESISTENCIA DE MATERIALES,PYTEL.CINGER,8706,EDITORIAL: MEXICANA,584,
101,Nº 01,PLOMO,Nº 02,LA CONSTITUCIÓN DE 1993,ENRIQUE BARNALES BALLESTEROS,8721,EDITORIAL: MORENO S.A.,968,
102,Nº 01,PLOMO,Nº 02,MANUAL DE REDACCIÓN SUPERIOR ,MIGUEL CARNERIO FIGUEROA,8701,EDITORIAL: SAN MARCOS E.I.R.L.,350,
103,Nº 01,PLOMO,Nº 02,MANUAL DE CONTADOR - GUBERNAMENTAL,C.P.C. - MERY MAXI HUIÑOCANA CARBAJAL,8705,IMPRESO EN PERÚ ,544,
104,Nº 01,PLOMO,Nº 02,CONTABILIDAD BÁSICA 1,WALTER ZANS,8698,EDITORIAL: SAN MARCOS,306,
105,Nº 01,PLOMO,Nº 02,SERIE CONTABILIDAD FINANCIERA - CONTABILIDAD BÁSICA,"JOSÉ FERNANDO GALINDO ALVARADO, ANA CATALINA NEY TÉLLEZ GIRÓN, BENJAMÍN SÁNCHEZ RODRÍGUEZ",8751,,,
106,Nº 01,PLOMO,Nº 02,CONTABILIDAD BÁSICA 4ª EDICIÓN,JOAQUIÍN A. MORENO FERNÁNDEZ ,8750,EDITORIAL: MEXICANA,346,
107,Nº 01,PLOMO,Nº 02,BIBLIOTECA PRÁCTICA DE CONTABILIDAD ,"A. GOXENS, M.A. GOXENS",8168,EDITORIAL: OCEANO,160,
108,Nº 01,PLOMO,Nº 02,CONTABILIDAD FINANCIERA 1,FRANCISCO JAVIER CALLEJA BERNAL,6065,EDITORES: S.A. DE C.V. MEXICO,258,
109,Nº 01,PLOMO,Nº 03,ENCICLOPEDIA: TEMÁTICA DEL PERÚ I (INCAS),MARIA ROSTWORANLSKI,5698,EMPRESA EDITORA: EL COMERCIO S.A.,190,
110,Nº 01,PLOMO,Nº 03,ENCICLOPEDIA: TEMÁTICA DEL PERÚ II (CONQUISTA Y VIRREYNATO),JOSÉ ANTONIO DEL BUSTO,5699,EMPRESA EDITORA: EL COMERCIO S.A.,190,
111,Nº 01,PLOMO,Nº 03,ENCICLOPEDIA: TEMÁTICA DEL PERÚ III (REPÚBLICA),PERCY CAYO CÓRDOVA ,5700,EMPRESA EDITORA: EL COMERCIO S.A.,191,
112,Nº 01,PLOMO,Nº 03,ENCICLOPEDIA: TEMÁTICA DEL PERÚ IV (ORGANIZACIÓN DEL ESTADO),MARCIAL ANTONIO RUBIO CORREA,5701,EMPRESA EDITORA: EL COMERCIO S.A.,191,
113,Nº 01,PLOMO,Nº 03,ENCICLOPEDIA: TEMÁTICA DEL PERÚ V (GEOGRAFÍA),CARLOS PEÑA HERRERA ,5702,EMPRESA EDITORA: EL COMERCIO S.A.,191,
114,Nº 01,PLOMO,Nº 03,ENCICLOPEDIA: TEMÁTICA DEL PERÚ VI (ECOLOGÍA),ANTONIO BRACK EGG. ,5703,EMPRESA EDITORA: EL COMERCIO S.A.,191,
115,Nº 01,PLOMO,Nº 03,ENCICLOPEDIA: TEMÁTICA DEL PERÚ VII (SOCIEDAD),NELSON MANRIQUE,5704,EMPRESA EDITORA: EL COMERCIO S.A.,191,
116,Nº 01,PLOMO,Nº 03,ENCICLOPEDIA: TEMÁTICA DEL PERÚ VIII (DIVERSIDAD CULTURAL),CARLOS IVÁN DEGREGORI,5705,EMPRESA EDITORA: EL COMERCIO S.A.,191,
117,Nº 01,PLOMO,Nº 03,ENCICLOPEDIA: TEMÁTICA DEL PERÚ IX (PRIMERAS CIVILIZACIONES),KRZYSZTOX MAKOWSKI,5706,EMPRESA EDITORA: EL COMERCIO S.A.,191,
118,Nº 01,PLOMO,Nº 03,ENCICLOPEDIA: TEMÁTICA DEL PERÚ XI (CIENCIAS Y TECNOLOGÍA),"JOSÉ IGNACIO LÓPEZ SORIA, BENJAMÍN MARTICORENA, VICTOR L A TORRE, JOSÉ ESPINOZA, WALTER ESTRADA, MODESTO MONTOYA…",5708,EMPRESA EDITORA: EL COMERCIO S.A.,191,
119,Nº 01,PLOMO,Nº 03,ENCICLOPEDIA: TEMÁTICA DEL PERÚ XII (SALUD),URIEL GARCÍA CÁCERES,NO,EMPRESA EDITORA: EL COMERCIO S.A.,192,
120,Nº 01,PLOMO,Nº 03,ENCICLOPEDIA: TEMÁTICA DEL PERÚ XIII (OPINIÓN PÚBLICA),"MARÍA MENDOZA MICHILOT, HECTOR LÓPEZ MARTÍNEZ, EMILIO BUSTAMANTE QUIROZ",5710,EMPRESA EDITORA: EL COMERCIO S.A.,190,
121,Nº 01,PLOMO,Nº 03,ENCICLOPEDIA: TEMÁTICA DEL PERÚ XIV (LITERATURA),RICARDO GONZÁLEZ VIGIL,5711,EMPRESA EDITORA: EL COMERCIO S.A.,191,
122,Nº 01,PLOMO,Nº 03,ENCICLOPEDIA: TEMÁTICA DEL PERÚ XV (ARTE Y ARQUITECTURA),"LUIS EDUARDO WUFFARDEN, JOSÉ GARCÍA BRYCE",5712,EMPRESA EDITORA: EL COMERCIO S.A.,190,
123,Nº 01,PLOMO,Nº 03,ENCICLOPEDIA: TEMÁTICA DEL PERÚ XVI (MÚSICA Y DANZA Y TRADICIONES),"LUIS ANTONIO MEZA, RAÚL R. ROMERO, BERNARDO ROCA REY…",5713,EMPRESA EDITORA: EL COMERCIO S.A.,191,
124,Nº 01,PLOMO,Nº 03,NUEVA ACTA 2000 TOMO 1 (CIENCIAS DEL ESPÌRITUD LENGUAS),ENCICLOPEDIA SISTEMATICA EN ONCE TOMOS,4083,"EDICIONES: RIALP, S.A. MADRID ",789,
125,Nº 01,PLOMO,Nº 03,NUEVA ACTA 2000 TOMO 2 (LITERATURA Y ARTES),ENCICLOPEDIA SISTEMATICA EN ONCE TOMOS,4084,"EDICIONES: RIALP, S.A. MADRID ",944,
126,Nº 01,PLOMO,Nº 03,NUEVA ACTA 2000 TOMO 3 (CIENCIAS SOCIALES),ENCICLOPEDIA SISTEMATICA EN ONCE TOMOS,4085,"EDICIONES: RIALP, S.A. MADRID ",798,
127,Nº 01,PLOMO,Nº 03,NUEVA ACTA 2000 TOMO 4 (EDUCACIÓN Y COMUNICACIÓN),ENCICLOPEDIA SISTEMATICA EN ONCE TOMOS,4086,"EDICIONES: RIALP, S.A. MADRID ",580,
128,Nº 01,PLOMO,Nº 03,"NUEVA ACTA 2000 TOMO 5 (EL HOMBRE, LA SALUD Y VIDA SOCIAL)",ENCICLOPEDIA SISTEMATICA EN ONCE TOMOS,4087,"EDICIONES: RIALP, S.A. MADRID ",619,
129,Nº 01,PLOMO,Nº 03,NUEVA ACTA 2000 TOMO 6 (GEOGRAFÍA Y PAÍSES),ENCICLOPEDIA SISTEMATICA EN ONCE TOMOS,4088,"EDICIONES: RIALP, S.A. MADRID ",731,
130,Nº 01,PLOMO,Nº 03,NUEVA ACTA 2000 TOMO 7 (HISTORIA),ENCICLOPEDIA SISTEMATICA EN ONCE TOMOS,4089,"EDICIONES: RIALP, S.A. MADRID ",649,
131,Nº 01,PLOMO,Nº 03,NUEVA ACTA 2000 TOMO 8 (CIENCIAS MATEMÁTICAS Y FÍSICO - QUIMICOS),ENCICLOPEDIA SISTEMATICA EN ONCE TOMOS,4090,"EDICIONES: RIALP, S.A. MADRID ",812,
132,Nº 01,PLOMO,Nº 03,NUEVA ACTA 2000 TOMO 9 (CIENCIAS DE LA NATURALEZA),ENCICLOPEDIA SISTEMATICA EN ONCE TOMOS,4091,"EDICIONES: RIALP, S.A. MADRID ",680,
133,Nº 01,PLOMO,Nº 03,NUEVA ACTA 2000 TOMO 10 (TECNOLOGÍA),ENCICLOPEDIA SISTEMATICA EN ONCE TOMOS,4092,"EDICIONES: RIALP, S.A. MADRID ",792,
134,Nº 01,PLOMO,Nº 03,NUEVA ACTA 2000 TOMO 11 (BIOGRAFÍAS),ENCICLOPEDIA SISTEMATICA EN ONCE TOMOS,4093,"EDICIONES: RIALP, S.A. MADRID ",931,
135,Nº 01,PLOMO,Nº 03,ENCICLOPEDIA UNIVERSAL ILUSTRADA 1 (A PRIORI ANTIGUO TESTAMENTO),BRITANNICA ,6416,EDITORIAL: SANTIAGO LTDA. CHILE,137,
136,Nº 01,PLOMO,Nº 03,ENCICLOPEDIA UNIVERSAL ILUSTRADA 2 (ANTIHISTAMINICO BARRAULT),BRITANNICA ,6417,EDITORIAL: SANTIAGO LTDA. CHILE,279,
137,Nº 01,PLOMO,Nº 03,ENCICLOPEDIA UNIVERSAL ILUSTRADA 3 (BARREMINAS BRUNEL),BRITANNICA ,6418,EDITORIAL: SANTIAGO LTDA. CHILE,421,
138,Nº 01,PLOMO,Nº 03,ENCICLOPEDIA UNIVERSAL ILUSTRADA 4 (BRUNELLESCHI CHAMBERLAIN´S MEN),BRITANNICA ,6419,EDITORIAL: SANTIAGO LTDA. CHILE,563,
139,Nº 01,PLOMO,Nº 03,ENCICLOPEDIA UNIVERSAL ILUSTRADA 5 (CHAMBERLEN CORO),BRITANNICA ,6420,EDITORIAL: SANTIAGO LTDA. CHILE,705,
140,Nº 01,PLOMO,Nº 03,ENCICLOPEDIA UNIVERSAL ILUSTRADA 6 (CORONA DRUMMOND),BRITANNICA ,6421,EDITORIAL: SANTIAGO LTDA. CHILE,847,
141,Nº 01,PLOMO,Nº 03,ENCICLOPEDIA UNIVERSAL ILUSTRADA 7 (DRUPA FALL),BRITANNICA ,6422,EDITORIAL: SANTIAGO LTDA. CHILE,989,
142,Nº 01,PLOMO,Nº 03,ENCICLOPEDIA UNIVERSAL ILUSTRADA 8 (FALLA GIGANTISMO),BRITANNICA ,6423,EDITORIAL: SANTIAGO LTDA. CHILE,1131,
143,Nº 01,PLOMO,Nº 03,ENCICLOPEDIA UNIVERSAL ILUSTRADA 9 (GIJÓN HIDROSTÁTICA),BRITANNICA ,6424,EDITORIAL: SANTIAGO LTDA. CHILE,1274,
144,Nº 01,PLOMO,Nº 03,ENCICLOPEDIA UNIVERSAL ILUSTRADA 10 (HIDROTERAPIA JESUITA),BRITANNICA ,6425,EDITORIAL: SANTIAGO LTDA. CHILE,1415,
145,Nº 01,PLOMO,Nº 03,ENCICLOPEDIA UNIVERSAL ILUSTRADA 11 (JESÚS LEXINGTÓN Y CONCORD),BRITANNICA ,6426,EDITORIAL: SANTIAGO LTDA. CHILE,1557,
146,Nº 01,PLOMO,Nº 03,ENCICLOPEDIA UNIVERSAL ILUSTRADA 12 (LEY MATOGROSSO),BRITANNICA ,6427,EDITORIAL: SANTIAGO LTDA. CHILE,1699,
147,Nº 01,PLOMO,Nº 03,ENCICLOPEDIA UNIVERSAL ILUSTRADA 13 (MATRIARCADO - MUSCULO),BRITANNICA ,6428,EDITORIAL: SANTIAGO LTDA. CHILE,1841,
148,Nº 01,PLOMO,Nº 03,ENCICLOPEDIA UNIVERSAL ILUSTRADA 14 (MUSEO ÓXIDO),BRITANNICA ,6429,EDITORIAL: SANTIAGO LTDA. CHILE,1983,
149,Nº 01,PLOMO,Nº 03,ENCICLOPEDIA UNIVERSAL ILUSTRADA 15 (OXÍGENO PORT SAID),BRITANNICA ,6430,EDITORIAL: SANTIAGO LTDA. CHILE,2125,
150,Nº 01,PLOMO,Nº 03,ENCICLOPEDIA UNIVERSAL ILUSTRADA 16 (PORTAAVIONES ROCÍO),BRITANNICA ,6431,EDITORIAL: SANTIAGO LTDA. CHILE,2267,
151,Nº 01,PLOMO,Nº 03,ENCICLOPEDIA UNIVERSAL ILUSTRADA 17 (ROCK SIBERIA),BRITANNICA ,6432,EDITORIAL: SANTIAGO LTDA. CHILE,2409,
152,Nº 01,PLOMO,Nº 03,ENCICLOPEDIA UNIVERSAL ILUSTRADA 18 (SIBERIANO TEMPLARIO),BRITANNICA ,6433,EDITORIAL: SANTIAGO LTDA. CHILE,2551,
153,Nº 01,PLOMO,Nº 03,ENCICLOPEDIA UNIVERSAL ILUSTRADA 19 (TEMPLE VASARI),BRITANNICA ,6434,EDITORIAL: SANTIAGO LTDA. CHILE,2693,
154,Nº 01,PLOMO,Nº 03,ENCICLOPEDIA UNIVERSAL ILUSTRADA 20 (VASCO ZYDECO),BRITANNICA ,,EDITORIAL: SANTIAGO LTDA. CHILE,2834,
155,Nº 01,PLOMO,Nº 03,ENCICLOPEDIA TEMÁTICA ILUSTRADA 6 (VERTEBRADOS),GRIJALBO,NO TIENE,EDITORIAL: LA REPÚBLICA,96,
156,Nº 01,PLOMO,Nº 03,ENCICLOPEDIA TEMÁTICA ILUSTRADA 7 (INVERTEBRADOS),GRIJALBO,NO TIENE,EDITORIAL: LA REPÚBLICA,96,
157,Nº 01,PLOMO,Nº 04,ENCICLOPEDIA AUTODIDACTICA QUILLET - TOMO I,ARÍSTIDES QUILLET ,8073,EDITORIAL: ARÍSTIDES QUILLET S.A. MEXICO,562,
158,Nº 01,PLOMO,Nº 04,ENCICLOPEDIA AUTODIDACTICA QUILLET - TOMO II,ARÍSTIDES QUILLET ,8074,EDITORIAL: ARÍSTIDES QUILLET S.A. MEXICO,505,
159,Nº 01,PLOMO,Nº 04,ENCICLOPEDIA AUTODIDACTICA QUILLET - TOMO III,ARÍSTIDES QUILLET ,8075,EDITORIAL: ARÍSTIDES QUILLET S.A. MEXICO,483,
160,Nº 01,PLOMO,Nº 04,ENCICLOPEDIA AUTODIDACTICA QUILLET - TOMO IV,ARÍSTIDES QUILLET ,8076,EDITORIAL: ARÍSTIDES QUILLET S.A. MEXICO,512,
161,Nº 01,PLOMO,Nº 04,GRAN COLECCIÓN DE LA SALUD 1 - LA SALUD Y LA MENTE I,EL COMERCIO ,5455,EDITORIAL: EL COMERCIO ,179,
162,Nº 01,PLOMO,Nº 04,GRAN COLECCIÓN DE LA SALUD 2 - LA SALUD Y LA MENTE II,EL COMERCIO ,5456,EDITORIAL: EL COMERCIO ,358,
163,Nº 01,PLOMO,Nº 04,GRAN COLECCIÓN DE LA SALUD 3 - ENFERMEDADES Y TRATAMIENTOS I,EL COMERCIO ,5457,EDITORIAL: EL COMERCIO ,187,
164,Nº 01,PLOMO,Nº 04,GRAN COLECCIÓN DE LA SALUD 4 - ENFERMEDADES Y TRATAMIENTOS II,EL COMERCIO ,5458,EDITORIAL: EL COMERCIO ,358,
165,Nº 01,PLOMO,Nº 04,GRAN COLECCIÓN DE LA SALUD 5 - ENFERMEDADES Y TRATAMIENTOS III,EL COMERCIO ,5459,EDITORIAL: EL COMERCIO ,203,
166,Nº 01,PLOMO,Nº 04,GRAN COLECCIÓN DE LA SALUD 6 - ENFERMEDADES Y TRATAMIENTOS IV,EL COMERCIO ,5460,EDITORIAL: EL COMERCIO ,362,
167,Nº 01,PLOMO,Nº 04,GRAN COLECCIÓN DE LA SALUD 7 - TODO SOBRE SEXUALIDAD I,EL COMERCIO ,5461,EDITORIAL: EL COMERCIO ,181,
168,Nº 01,PLOMO,Nº 04,GRAN COLECCIÓN DE LA SALUD 8 - TODO SOBRE SEXUALIDAD II,EL COMERCIO ,5462,EDITORIAL: EL COMERCIO ,358,
169,Nº 01,PLOMO,Nº 04,GRAN COLECCIÓN DE LA SALUD 9 - ETAPAS DE LA VIDAD I,EL COMERCIO ,5463,EDITORIAL: EL COMERCIO ,167,
170,Nº 01,PLOMO,Nº 04,GRAN COLECCIÓN DE LA SALUD 10 - ETAPAS DE LA VIDA II,EL COMERCIO ,5464,EDITORIAL: EL COMERCIO ,358,
171,Nº 01,PLOMO,Nº 04,GRAN COLECCIÓN DE LA SALUD 11 - EL CUERPO HUMANO I,EL COMERCIO ,5465,EDITORIAL: EL COMERCIO ,179,
172,Nº 01,PLOMO,Nº 04,GRAN COLECCIÓN DE LA SALUD 12 - EL CUERPO HUMANO II,EL COMERCIO ,5466,EDITORIAL: EL COMERCIO ,360,
173,Nº 01,PLOMO,Nº 04,ENCICLOPEDIA DE CIENCIAS NATURALES - VOLUMEN I,HERBERT S. ZIM.,2434,EDITORIAL: BRUGUERA S.A. MEXICO,368,
174,Nº 01,PLOMO,Nº 04,ENCICLOPEDIA DE CIENCIAS NATURALES - VOLUMEN II,HERBERT S. ZIM.,2435,EDITORIAL: BRUGUERA S.A. MEXICO,752,
175,Nº 01,PLOMO,Nº 04,ENCICLOPEDIA DE CIENCIAS NATURALES - VOLUMEN III,HERBERT S. ZIM.,2436,EDITORIAL: BRUGUERA S.A. MEXICO,1136,
176,Nº 01,PLOMO,Nº 04,ENCICLOPEDIA DE CIENCIAS NATURALES - VOLUMEN IV,HERBERT S. ZIM.,2437,EDITORIAL: BRUGUERA S.A. MEXICO,1536,
177,Nº 01,PLOMO,Nº 04,ENCICLOPEDIA CONCISA SOPENA - 1 ,RAMÓN SOPENA,4061,"EDITORIAL: RAMÓN SOPENA, S.A. BARCELONA",600,
178,Nº 01,PLOMO,Nº 04,ENCICLOPEDIA CONCISA SOPENA - 2 ,RAMÓN SOPENA,4062,"EDITORIAL: RAMÓN SOPENA, S.A. BARCELONA",1160,
179,Nº 01,PLOMO,Nº 04,ENCICLOPEDIA CONCISA SOPENA - 3,RAMÓN SOPENA,4063,"EDITORIAL: RAMÓN SOPENA, S.A. BARCELONA",1720,
180,Nº 01,PLOMO,Nº 04,ENCICLOPEDIA CONCISA SOPENA - 4,RAMÓN SOPENA,4064,"EDITORIAL: RAMÓN SOPENA, S.A. BARCELONA",2280,
181,Nº 01,PLOMO,Nº 04,ENCICLOPEDIA DE LAS CIENCIAS NATURALES: BIOLOGÍA 1,J.BARNAT,8463,EDITADO POR: EDICIONES NANTA S.A.,147,
182,Nº 01,PLOMO,Nº 04,ENCICLOPEDIA DE LAS CIENCIAS NATURALES: ECOLOGÍA 2,J.BARNAT,8464,EDITADO POR: EDICIONES NANTA S.A.,285,
183,Nº 01,PLOMO,Nº 04,ENCICLOPEDIA DE LAS CIENCIAS NATURALES: BOTÁNICA 3,J.BARNAT,8465,EDITADO POR: EDICIONES NANTA S.A.,150,
184,Nº 01,PLOMO,Nº 04,ENCICLOPEDIA DE LAS CIENCIAS NATURALES: BOTÁNICA 4,J.BARNAT,8466,EDITADO POR: EDICIONES NANTA S.A.,289,
185,Nº 01,PLOMO,Nº 04,ENCICLOPEDIA DE LAS CIENCIAS NATURALES: GEOLOGÍA 6,J.BARNAT,8467,EDITADO POR: EDICIONES NANTA S.A.,285,
186,Nº 01,PLOMO,Nº 04,ENCICLOPEDIA DE LAS CIENCIAS NATURALES: ZOOLOGÍA 8,J.BARNAT,8468,EDITADO POR: EDICIONES NANTA S.A.,127,
187,Nº 01,PLOMO,Nº 04,ENCICLOPEDIA DE LAS CIENCIAS NATURALES: ZOOLOGÍA 9,J.BARNAT,8469,EDITADO POR: EDICIONES NANTA S.A.,144,
188,Nº 01,PLOMO,Nº 04,ENCICLOPEDIA DE LAS CIENCIAS NATURALES: ZOOLOGÍA 10,J.BARNAT,8470,EDITADO POR: EDICIONES NANTA S.A.,143,
189,Nº 01,PLOMO,Nº 04,ENCICLOPEDIA DE LAS CIENCIAS NATURALES: EL HOMBRE 11,J.BARNAT,8471,EDITADO POR: EDICIONES NANTA S.A.,144,
190,Nº 01,PLOMO,Nº 04,ENCICLOPEDIA DE LAS CIENCIAS NATURALES: EL HOMBRE 12,J.BARNAT,8472,EDITADO POR: EDICIONES NANTA S.A.,151,
191,Nº 01,PLOMO,Nº 04,ENCICLOPEDIA DE LOS ANIMALES: MAMÍFEROS I,NATIONAL GEOGRAPHIC,NO TIENE,EDITORIAL: PUNTO Y COMA,95,
192,Nº 01,PLOMO,Nº 04,ENCICLOPEDIA DE LOS ANIMALES: MAMÍFEROS II,NATIONAL GEOGRAPHIC,NO TIENE,EDITORIAL: PUNTO Y COMA,95,
193,Nº 01,PLOMO,Nº 04,ENCICLOPEDIA DE LOS ANIMALES: MAMÍFEROS III,NATIONAL GEOGRAPHIC,NO TIENE,EDITORIAL: PUNTO Y COMA,95,
194,Nº 01,PLOMO,Nº 04,ENCICLOPEDIA DE LOS ANIMALES: MAMÍFEROS IV,NATIONAL GEOGRAPHIC,NO TIENE,EDITORIAL: PUNTO Y COMA,95,
195,Nº 01,PLOMO,Nº 04,ENCICLOPEDIA DE LOS ANIMALES: MAMÍFEROS V,NATIONAL GEOGRAPHIC,NO TIENE,EDITORIAL: PUNTO Y COMA,95,
196,Nº 01,PLOMO,Nº 04,ENCICLOPEDIA DE LOS ANIMALES: REPTILES 6,NATIONAL GEOGRAPHIC,NO TIENE,EDITORIAL: PUNTO Y COMA,95,
197,Nº 01,PLOMO,Nº 04,ENCICLOPEDIA DE LOS ANIMALES: ANFIBIOS 7,NATIONAL GEOGRAPHIC,NO TIENE,EDITORIAL: PUNTO Y COMA,95,
198,Nº 01,PLOMO,Nº 04,ENCICLOPEDIA DE LOS ANIMALES: INVERTEBRADOS 8,NATIONAL GEOGRAPHIC,NO TIENE,EDITORIAL: PUNTO Y COMA,95,
199,Nº 01,PLOMO,Nº 04,ENCICLOPEDIA DE LOS ANIMALES: AVES I,NATIONAL GEOGRAPHIC,NO TIENE,EDITORIAL: PUNTO Y COMA,95,
200,Nº 01,PLOMO,Nº 04,ENCICLOPEDIA DE LOS ANIMALES: AVES II,NATIONAL GEOGRAPHIC,NO TIENE,EDITORIAL: PUNTO Y COMA,95,
201,Nº 01,PLOMO,Nº 04,ENCICLOPEDIA DE LOS ANIMALES: AVES III,NATIONAL GEOGRAPHIC,NO TIENE,EDITORIAL: PUNTO Y COMA,95,
202,Nº 01,PLOMO,Nº 04,ENCICLOPEDIA DE LOS ANIMALES: AVES IV,NATIONAL GEOGRAPHIC,NO TIENE,EDITORIAL: PUNTO Y COMA,95,
203,Nº 01,PLOMO,Nº 04,ENCICLOPEDIA DE LOS ANIMALES: PECES I,NATIONAL GEOGRAPHIC,NO TIENE,EDITORIAL: PUNTO Y COMA,95,
204,Nº 01,PLOMO,Nº 04,ENCICLOPEDIA DE LOS ANIMALES: PECES II,NATIONAL GEOGRAPHIC,NO TIENE,EDITORIAL: PUNTO Y COMA,95,
205,Nº 01,PLOMO,Nº 04,ENCICLOPEDIA DE LOS ANIMALES: PECES III,NATIONAL GEOGRAPHIC,NO TIENE,EDITORIAL: PUNTO Y COMA,95,
206,Nº 01,PLOMO,Nº 05,MIRO ESCULTOR,JACQUES DUPIN ,3911,EDICIONES: POLÍGRAFA S.A. ESPAÑA,188,
207,Nº 01,PLOMO,Nº 05,VIAJE ARTÍSTICO POR ESPAÑA,R. SANTOS TORROELLA,3910,EDICIONES: POLÍGRAFA S.A. BARCELONA ,155,
208,Nº 01,PLOMO,Nº 05,HISTORIA DEL ARTE HISPÁNICO I LA ANTIGÜEDAD 1,"F. JORDÁ, J. Mª BLÁZQUEZ",2775,EDITORIAL: ALHAMBRA,358,
209,Nº 01,PLOMO,Nº 05,HISTORIA DEL ARTE HISPÁNICO I LA ANTIGÜEDAD 2,A. BLANCO FREIJEIRO,2776,EDITORIAL: ALHAMBRA,222,
210,Nº 01,PLOMO,Nº 05,HISTORIA DEL ARTE HISPÁNICO II. LA EDAD MEDIA ,JOAQUÍN YARZA,2777,EDITORIAL: ALHAMBRA,293,
211,Nº 01,PLOMO,Nº 05,HISTORIA DEL ARTE HISPÁNICO III. EL RENACIMIENTO,"S. SEBASTIÁN, C. GARCIA GAINZA, R. BUENDÍA",2778,EDITORIAL: ALHAMBRA,344,
212,,PLOMO ,Nº 05,HISTORIA DEL ARTES HISPÁNICO IV. EL BARROCO Y EL ROCOCÓ,"E. VALDIVIESO, R OTERO, J URREA",2779,EDITORIAL: ALHAMBRA S.A.,374,
213,,PLOMO,Nº 05,HISTORIA DEL ARTE HISPÁNICO V. DEL NEOCLASICISMO AL MODERNISMO,"P. NAVASCUÉS, C. PÉREZ, A. Mª ARIAS DEL COSSÍO",2780,EDITORIAL; ALHAMBRE S.A.,338,
214,,PLOMO,Nº 05,HISTORIA DEL ARTE HISPÁNICO VI. EL SIGLO XX,"C.SAMBRICIO, F. PORTELA, F. TORRALBA",2781,EDITORIAL: ALHAMBRE S.A.,328,
215,,PLOMO,Nº 05,RETABLO DE LA PINTURA MODERNA ,JUAN DE LA ENCINA,2791,"EDITORIAL: ESPASA - CALPE,S.A. ",242,
216,,PLOMO ,Nº 05,CIEN OBRAS MAESTRAS DE LA PINTURA ,M. OLIVAR - ALIANZA,6834,EDITORIAL S.A.,189,
217,,PLOMO,Nº 05,DEL HUESO TALLADO AL ARTE ABSTRACTO,SEBASTIAN SALAZAR BONDY,NO TIENE,EDICIONES PERUANAS SIMIENTE LIMA,46,
218,,PLOMO,Nº 05,PINTURA DECORATIVA EN MADERA,W. BECKMAN,NO TIENE,EDITORIAL: KAPELUSZ S.A.,34,
219,,,Nº 05,APRECIACIÓN ARTÍSTICA - UN NUEVO ENFOQUE,DORA FELICES ALCANTARA,3994,TALLERES DE GRÁFICA HISPANÍA S.A.,143,
220,,,Nº 05,APRECIACIÓN ARTÍSTICA  ,DORA FELICES ALCANTARA,3995,TALLERES DE GRÁFICA HISPANÍA S.A.,143,
221,,,Nº 05,ENCICLOPEDIA DEL MODERNISMO,B. CHAMPIGNEULLE,3926,EDICIONES POLÍGRAFA S.A.,288,
222,,,Nº 05,ENCICLOPEDIA DEL IMPRESIONISMO,MAURICE SERULLAZ,3924,EDICIONES POLÍGRAFA S.A.,285,
223,,,Nº 05,ENCICLOPEDIA DEL SURREALISMO,RENÉ PASSERON,3925,EDICIONES POLÍGRAFA S.A.,296,
224,,,Nº 05,TESOROS DEL ARTE COLONIAL PERUANO,SAN FRANCISCO DE LIMA,NO TIENE,EDITORIAL IMPRENTA DESA,95,
225,,,Nº 05,DALÍ… DALÍ… DALÍ…,ATLANTIS,3916,"EDITORIAL: BLUME,S.A.",98,
226,,,Nº 05,SALVADOR DALÍ,CONROY MADDOX,3912,EDITORIAL: NO TIENE,95,
227,,,Nº 05,DEL OCASO AL AMANECER: UNA BREVE HISTORIA - ARTE DE LOS SIGLOS XIV AL XVII,"LILIANA CHECA, SERGIO DEXTRE, LUIS VILLACORTA",NO TIENE,IMPRESO POR UNIVERSIDAD PERUANA DE CIENCIAS APLICADAS (UPC),183,
228,,,,GIUSEPPE ARCIMBOLDO,WERNER KRIEGESKORTE,3915,EDITORIAL: BENEDIKT TASCHEN,79,
229,,,,PABLO PICASSO ,INGO F. WALTHER,3914,EDITORIAL: BENEDIKT TASCHEN,96,
230,,,,VINCENT VAN GOGH,INGO F. WALTHER,3913,EDITORIAL: BENEDIKT TASCHEN,95,
231,,,,TEODORO NUÑEZ URETA - PINTURA MURAL,LUIS ENRIQUE TORD,4924,IMPRENTA AUSONIA S.A.,,
232,,,,TEODORO NUÑEZ URETA - PINTURA MURAL,LUIS ENRIQUE TORD,4925,IMPRENTA AUSONIA S.A.,151,
233,,,,MUSEO DEL LOUVRE I (PARIS),PUNTO Y COMA S.A.C.,NO TIENE,EDITORA: EL COMERCIO S.A.,153,
234,,,,MUSEO DEL LOUVRE II (PARIS),PUNTO Y COMA S.A.C.,NO TIENE,EDITORA: EL COMERCIO S.A.,160,
235,,,,MUSEO DEL PRADO I (MADRID),PUNTO Y COMA S.A.C.,NO TIENE,EDITORIAL: EL COMERCIO ,153,
236,,,,MUSEO DEL PRADO II (MADRID),PUNTO Y COMA S.A.C.,NO TIENE,EDITORIAL: EL COMERCIO ,160,
237,,,,NATIONAL GALLERY (LONDRES),PUNTO Y COMA S.A.C.,NO TIENE,EDITORIAL: EL COMERCIO ,160,
238,,,,AMSTERDAM - MUSEO VAN GOGH,PUNTO Y COMA S.A.C.,NO TIENE,EDITORIAL: EL COMERCIO ,160,
239,,,,ALBI. PARIS - MUSEO TOULOUSE - LAUTREC - MUSEO GUSTAVE MOREAU,PUNTO Y COMA S.A.C.,NO TIENE,EDITORIAL: EL COMERCIO ,160,
240,,,,MUSEOS D´ORSAY - (PARIS),PUNTO Y COMA S.A.C.,NO TIENE,EDITORIAL: EL COMERCIO ,159,
241,,,,RIJKSMUSEUM - (AMSTERDAN),PUNTO Y COMA S.A.C.,NO TIENE,EDITORIAL: EL COMERCIO ,160,
242,,,,NATIONAL GALLERY OF ART (WASHINGTON),PUNTO Y COMA S.A.C.,NO TIENE,EDITORIAL: EL COMERCIO ,160,
243,,,,MUSEOS DEL MUNDO - MUSEO DEL ERMITAGE - (SAN PETERSBURGO,PUNTO Y COMA S.A.C.,NO TIENE,EDITORIAL: EL COMERCIO ,160,
244,,,,MUSEO DEL MUNDO - ALTE PINAKOTHEK (MUNICH),PUNTO Y COMA S.A.C.,NO TIENE,EDITORIAL: EL COMERCIO ,160,
245,,,,MUSEOS DEL MUNDO - GALERIAS DE LA ACADEMÍA (VENECIA),PUNTO Y COMA S.A.C.,NO TIENE,EDITORIAL: EL COMERCIO ,160,
246,,,,MUSEOS DEL MUNDO KUNSTHISTORISCHES - (VIENA),PUNTO Y COMA S.A.C.,NO TIENE,EDITORIAL: EL COMERCIO ,160,
247,,,,MUSEOS DEL MUNDO - MUSEOS REALES DE BELLAS ARTES (BRUSELAS) ,PUNTO Y COMA S.A.C.,NO TIENE,EDITORIAL: EL COMERCIO ,160,
248,,,,MUSEOS DEL MUNDO - TATE GALLERIES - (LONDRES) ,PUNTO Y COMA S.A.C.,NO TIENE,EDITORIAL: EL COMERCIO ,160,
249,,,,MUSEOS DEL MUNDO - GALERÍA DE LOS UFQIZZI - (FLORENCIA),PUNTO Y COMA S.A.C.,NO TIENE,EDITORIAL: EL COMERCIO ,160,
250,,,,MUSEOS DEL MUNDO - MUSEO PUSHKIN (MOSCÚ),PUNTO Y COMA S.A.C.,NO TIENE,EDITORIAL: EL COMERCIO ,160,
251,,,,MUSEOS DEL VATÍCANO (CIUDAD DEL VATÍCANO),PLANETA DE AGOSTINI S.A.,NO TIENE,EDITORIAL: EL COMERCIO ,160,
252,,,,METROPOLITAN MUSEUM OF ART (NUEVA YORK),PLANETA DE AGOSTINI S.A.,NO TIENE,EDITORIAL: EL COMERCIO ,160,
253,,,,LOS GRANDES ESCULTORES - PERVSNER,ANTONIO PERVSNER,5133,EDITORIAL: FABBRI S.P.A.,111,